class,x,y,z
1,"[244. 248. 232. 224. 232. 232. 216. 232. 224. 236. 252. 268. 268. 232.
 240. 252. 204. 204. 160. 108. 128. 336. 240. 244. 248. 196. 216. 232.
 300. 200. 284. 332. 292. 192. 272. 380. 428. 428. 424. 320. 232. 212.
 204. 216. 224. 224. 244. 248. 268. 328. 372. 408. 436. 448. 404. 344.
 316. 344. 352. 372. 392. 416. 456. 460. 424. 356. 336. 360. 396. 480.
 556. 532. 484. 412. 344.]","[ -76.  -68.  -72.  -76.  -64.  -64.  -68.  -48.  -40.  -28.  -28.  -16.
  -16.  -28.  -36.  -20.  -16.   -4.   -8.  -40.  -16.  104.  112.  180.
  236.  148.   20.    0.   32. -108.  -40.  -92.  -52.   96.   60.  -68.
 -104. -196. -248. -288. -300. -324. -356. -416. -484. -468. -424. -360.
 -296. -248. -192. -112.  -36.   52.  192.  264.  284.  312.  448.  532.
  632.  732.  820.  764.  784.  584.  500.  476.  284.  192.   72.    0.
  -72.  -52.    0.]","[ 996. 1000. 1004.  988. 1000. 1000.  964.  960.  984.  996.  980.  956.
  956.  964. 1016.  960.  972.  988. 1004. 1020. 1024.  952. 1044. 1136.
 1096.  972.  948.  968.  980.  944. 1028. 1076. 1064.  780.  876.  944.
 1032. 1156. 1128. 1080. 1104. 1140. 1080. 1036. 1028. 1004.  936.  884.
  852.  804.  732.  660.  620.  600.  508.  500.  452.  504.  504.  556.
  656.  720.  780.  880.  768.  840.  944. 1020. 1116. 1144. 1168. 1072.
 1000.  976. 1036.]"
1,"[100.  84.  72.  64.  72.  92.  96.  92. 100.  80.  68.  76.  56.  24.
  -8. -44.   4. -60. -64. -60. -36. -20.   0.   0.  12. -40. -96. -56.
 -24.  -4.  28.  40.  76. 116. 164. 204. 240. 284. 304. 328. 340. 316.
 340. 316. 268. 244. 196. 180. 156. 104.  76.  60.  16. -36. -76. -72.
 -72. -88. -88. -84. -40. -36. -24. -28.   0.  28.  24.  16.  20.  28.
  36.  52.  48.  32.  44.]","[ 116.  108.  140.  120.  124.  136.  156.  152.  164.  228.  292.  320.
  376.  408.  332.  168.   -8.  -16.  -56.  -92.  -64.  -96. -136. -216.
 -288. -324. -372. -376. -392. -412. -376. -340. -224. -116.  -24.  108.
  216.  312.  384.  436.  536.  552.  596.  564.  564.  604.  564.  512.
  508.  356.  284.  284.  188.  104.   80.   60.   48.   68.  124.  156.
  188.  204.  200.  188.  212.  228.  204.  228.  240.  248.  232.  192.
  192.  196.  212.]","[ 992.  992. 1008. 1020. 1012.  996.  980.  976.  920.  948.  984. 1000.
  988.  964. 1000. 1096. 1220. 1224. 1212. 1204. 1188. 1176. 1152. 1196.
 1132. 1124. 1168. 1104. 1004.  900.  824.  788.  744.  696.  656.  648.
  596.  520.  556.  588.  568.  660.  696.  808.  952. 1004. 1076. 1092.
 1092. 1176. 1168. 1112. 1116. 1080. 1068. 1092. 1080. 1084. 1088. 1092.
 1004.  988.  944.  944.  956.  948.  980. 1000.  992.  984.  996.  968.
  980.  996.  988.]"
1,"[  56.   56.   68.   72.   72.   72.   60.   60.   60.   56.   52.   88.
  104.   84.   40.   28.   48.    0.  -36.    0.  -68. -108.  -28.  -12.
  -24.  -40.  -64.  -72.  -92.  -72.  -92. -124. -108.  -36.   56.   96.
  144.  216.  212.  268.  260.  312.  300.  316.  304.  312.  264.  260.
  252.  208.  184.  128.   60.    4.  -12.  -16.  -56.  -80. -108. -100.
 -116.  -84.  -56.  -40.  -36.  -28.  -12.    0.    4.   12.   12.    8.
   20.   28.   32.]","[ 184.  188.  192.  184.  164.  168.  164.  168.  188.  200.  256.  352.
  432.  452.  380.  224.   56.    4.   32.   80.  -60. -184. -220. -256.
 -320. -376. -392. -440. -468. -472. -424. -364. -288. -200. -128.  -60.
  108.  260.  284.  352.  392.  476.  448.  480.  500.  548.  568.  576.
  616.  544.  508.  372.  248.   84.  -16.  -64. -108. -140. -152. -100.
  -24.   20.   44.   76.   84.   84.   76.   72.   84.  108.  132.  128.
  120.  132.  120.]","[1008. 1012. 1008. 1008.  996.  988.  996.  980.  968.  976.  992.  972.
  932.  956.  968. 1008. 1024. 1088. 1192. 1104. 1232. 1248. 1168. 1172.
 1156. 1092. 1072.  996. 1004.  904.  852.  852.  816.  784.  760.  712.
  652.  544.  576.  524.  592.  596.  712.  744.  784.  832.  944.  964.
  976. 1068. 1100. 1184. 1188. 1244. 1204. 1124. 1112. 1104. 1076. 1028.
 1024.  988.  972.  984.  964.  964.  976.  988. 1016. 1016. 1020. 1024.
 1004. 1004. 1004.]"
1,"[  40.   44.   24.   36.   64.   32.   -4.  -32.  -48.  -40.  -20.  -28.
  -12.   28.   44.   24.   12.   12.   12.   32.   40.   44.   56.   76.
  128.  148.  148.  184.  200.  188.  240.  260.  304.  336.  328.  328.
  280.  232.  216.  200.  164.  112.   36.   16.    8.  -76. -108.  -72.
  -76.  -64.  -48.  -40.  -28.   -8.   52.   64.   96.  104.  112.  104.
   80.   84.  104.   88.   64.   68.   80.   72.   80.   92.   92.   88.
   80.   96.   96.]","[ 364.  400.  332.  256.  196.   84.   12.  -96. -104. -108. -148. -232.
 -260. -300. -304. -340. -344. -372. -352. -364. -376. -344. -276. -180.
  -88.   56.  276.  380.  360.  348.  492.  504.  464.  504.  516.  488.
  460.  396.  340.  300.  188.  152.  140.   64.  -76. -144. -192. -208.
  -96.  -76.  -36.    8.   24.   32.   80.   76.   68.   48.   68.   96.
   92.   92.   88.  108.   92.   88.  104.  120.  124.  116.   96.   88.
   92.  112.  108.]","[ 964.  952. 1020. 1016. 1020. 1084. 1164. 1196. 1256. 1220. 1140. 1148.
 1124. 1064. 1024. 1064. 1044. 1024.  964.  904.  888.  852.  824.  792.
  692.  628.  596.  560.  632.  696.  648.  688.  728.  744.  828.  848.
  976. 1084. 1104. 1112. 1144. 1220. 1312. 1308. 1192. 1184. 1124. 1028.
 1040.  980. 1020. 1020. 1028.  988.  964. 1012. 1004.  984.  968.  948.
  964.  992.  964.  988. 1020. 1040. 1036. 1044.  992.  968.  976. 1004.
 1004.  984.  988.]"
1,"[  76.   72.   84.   76.   68.   60.   56.   68.  100.  108.   40.  -16.
   -8.  -56.  -96.  -92.  -96. -168. -180. -124. -148. -164.  -92.    4.
  -44.   -8.   12.  -48.  -52.    4.   28.  -12.   36.   32.    8.   16.
   28.   60.   80.  120.  164.  136.  196.  224.  224.  244.  196.  212.
  208.  196.  148.  172.  168.  120.  104.   92.   48.  -12.  -40.  -36.
  -92. -136. -136. -124.  -88.  -68.  -40.  -24.  -12.   -4.    0.   12.
   16.   20.   24.]","[  -4.  -12.   -8.  -20.  -28.  -16.   -4.   -4.  -28.  -16.  140.  408.
  696.  572.  404.  204.   40. -136. -300. -492. -540. -424. -352. -344.
 -376. -404. -456. -476. -496. -460. -484. -488. -456. -476. -384. -384.
 -360. -264. -128.   24.  196.  300.  376.  452.  444.  476.  488.  532.
  548.  556.  552.  564.  584.  532.  332.  212.  124.   28.  -60. -140.
 -132. -120.  -48.   -4.   52.   72.   56.   84.   92.  112.  124.  124.
  112.  120.  128.]","[1008. 1004.  996. 1016. 1016. 1020. 1020.  996.  956.  908.  992.  924.
  792.  896. 1064. 1148. 1184. 1004. 1176. 1148. 1144. 1200. 1056.  928.
 1032. 1012.  960. 1024. 1044. 1012.  968. 1016.  924.  868.  880.  844.
  792.  700.  652.  608.  572.  616.  664.  692.  676.  676.  668.  688.
  744.  888. 1044. 1068. 1132. 1148. 1192. 1220. 1156. 1216. 1220. 1100.
 1088. 1100. 1080. 1008.  980.  972.  988. 1004.  972.  984. 1012. 1012.
 1020. 1020. 1008.]"
1,"[  52.   60.   56.   48.   48.   56.   56.   52.   44.   40.   16.   20.
   12.  -20.  -12.  -24.  -40.  -68.  -80.  -64.  -40.   32.    4.    4.
  104.   80.  -20.  -48.  -72.  -80.  -16.   44.   52.  104.  140.  164.
  184.  180.  168.  220.  248.  284.  244.  248.  240.  264.  252.  232.
  248.  212.  160.  164.  144.  120.  108.   64.   12.  -56. -136. -172.
 -192. -184. -168. -140.  -92.  -68.  -56.  -60.  -48.  -40.  -32.  -32.
  -20.   -8.  -16.]","[  12.   -8.   12.   44.   56.   40.   40.   64.   52.   88.  160.  256.
  356.  396.  312.  184.   36.  -80. -204. -276. -324. -380. -432. -532.
 -552. -592. -640. -592. -548. -588. -528. -468. -448. -384. -300. -228.
 -112.  -32.  108.  184.  144.  180.  188.  236.  248.  328.  344.  424.
  416.  404.  456.  548.  492.  388.  384.  196.   12.  -96. -172. -188.
 -140.  -84.  -40.  -16.  -12.   32.   96.  112.  108.  112.  140.  152.
  148.  136.  152.]","[ 996. 1004. 1028. 1020. 1020. 1012. 1004.  984.  976.  936.  952.  960.
  996. 1036. 1108. 1136. 1164. 1212. 1236. 1200. 1204. 1028. 1032. 1024.
  824.  840.  844.  824.  912.  968.  920.  908.  920.  912.  816.  784.
  720.  648.  640.  652.  656.  680.  756.  760.  848.  824.  864.  876.
  924.  948. 1028.  972. 1020. 1044. 1036. 1100. 1192. 1256. 1288. 1296.
 1212. 1172. 1152. 1076. 1020.  972.  936.  956.  972.  996.  996. 1012.
 1028. 1016. 1008.]"
1,"[  -4.    4.   -4.   -8.   -8.   -4.  -12.  -12.  -20.  -56.  -60.  -60.
  -64. -104. -104. -112.  -76. -132.  -96.   16.   16.   -4.   44.   40.
   64.   44.   12.    0.   -8.    8.   68.  108.   76.   64.  120.  172.
  204.  212.  208.  212.  196.  224.  196.  240.  216.  236.  264.  184.
  176.  164.  144.  176.  208.  148.   80.   44.    4.  -16.    0.   12.
   12.   24.   28.   44.   68.   88.   92.   96.   92.   92.   80.   72.
   80.   76.   72.]","[  72.   28.   44.   56.   36.   32.   48.   72.  164.  436.  464.  308.
  148.   44.  -60. -188. -284. -268. -276. -316. -420. -464. -504. -568.
 -544. -612. -616. -548. -524. -480. -412. -308. -184.  -64.   84.  108.
  128.  140.  176.  228.  356.  452.  484.  616.  652.  548.  536.  556.
  600.  548.  428.  268.  148.   84.   80.  124.  136.  116.  112.   88.
   80.  124.  220.  240.  216.  220.  220.  208.  204.  200.  196.  184.
  176.  192.  196.]","[1004. 1008. 1012. 1024. 1024. 1008. 1000.  992.  976.  960.  996. 1096.
 1168. 1208. 1212. 1232. 1144. 1168. 1092.  968. 1008. 1048. 1000.  972.
  948.  940.  960.  928.  920.  912.  824.  696.  672.  676.  656.  648.
  672.  692.  700.  692.  664.  724.  796.  808.  988. 1116. 1032. 1128.
 1144. 1120. 1128. 1124. 1124. 1124. 1196. 1136. 1084. 1048. 1008.  988.
 1004.  980.  992.  992.  968.  976.  980.  976.  996. 1008. 1012. 1000.
  976.  988.  988.]"
1,"[  80.   76.   80.   80.   84.   84.   80.   80.   84.   80.   76.   60.
   68.   76.   68.   60.   52.   48.   44.   56.   60.   72.  100.   92.
  100.   80.   80.  108.  100.   92.  136.  172.  188.  136.  104.  132.
  136.  144.  172.  188.  220.  240.  252.  304.  344.  360.  372.  360.
  392.  316.  276.  260.  216.  200.  160.  128.   72.   28.   20.    4.
  -60.  -88. -132. -144. -132. -100.  -68.  -36.  -32.  -12.   -4.   12.
   16.   20.   12.]","[ 136.  136.  140.  132.  112.  104.  132.  128.  112.   96.  112.  156.
  196.  204.  200.  204.  220.  188.  172.   76. -116. -204. -212. -248.
 -292. -304. -304. -364. -404. -364. -404. -496. -508. -504. -460. -440.
 -460. -336. -188. -128.  -24.   96.  152.  248.  184.  160.  240.  304.
  328.  432.  428.  432.  428.  416.  328.  212.  160.   76.  -28.  -16.
  -36.  -76. -176.  -92.  -36.   20.   12.   32.   80.  128.  128.  116.
  124.  144.  168.]","[1008. 1004.  996.  996.  996. 1004. 1012. 1008.  992.  988.  968.  984.
  992.  984. 1024. 1048. 1084. 1064. 1048. 1108. 1188. 1180. 1124. 1104.
 1080. 1096. 1068. 1028.  992. 1016. 1012.  960.  896.  912.  920.  852.
  804.  768.  692.  636.  580.  556.  560.  584.  648.  724.  792.  876.
  908.  920. 1000. 1024. 1084. 1088. 1144. 1152. 1160. 1228. 1212. 1168.
 1172. 1172. 1232. 1168. 1072. 1036. 1016. 1020. 1028. 1012. 1000.  988.
 1004. 1008. 1000.]"
1,"[ 24.  20.  24.  24.  28.  36.  40.  56.  52.  56.  56.  48.  44.  48.
  48.  48.  40.  40.  24. -36. -16.   8. -36. -72. -68.  -4. -60.  72.
 124. 152.  76.   8.   4.  96. 120. 112. 160. 168. 140. 148. 204. 264.
 272. 312. 364. 388. 380. 340. 332. 356. 292. 320. 292. 272. 292. 248.
 192. 176. 120.  80.  12. -36. -28. -16.   4.   4.   8.  28.  28.  36.
  48.  32.  44.  52.  36.]","[ 132.  120.  116.  152.  128.  100.  100.  132.  152.  172.  164.  156.
  120.  112.  204.  328.  352.  328.  220.   24. -196. -416. -464. -408.
 -424. -456. -408. -348. -444. -524. -488. -468. -576. -520. -528. -492.
 -400. -392. -264. -128.   28.  124.  136.  228.  300.  312.  356.  428.
  420.  444.  464.  476.  524.  476.  392.  308.   80.    4.  -28.  -64.
  -16.   24.   40.   60.   44.   64.   72.  152.  184.  152.  148.  152.
  152.  160.  148.]","[1012. 1024. 1008. 1036. 1020. 1012. 1004.  972.  992.  988.  984.  984.
  992. 1004. 1016. 1048. 1052. 1004. 1008. 1156. 1176. 1144. 1188. 1168.
 1168. 1076. 1156. 1176. 1004.  900.  844. 1004.  996.  896.  920.  904.
  816.  756.  728.  640.  560.  508.  544.  584.  608.  616.  688.  812.
  856.  888. 1012. 1020. 1116. 1196. 1096. 1100. 1208. 1208. 1252. 1180.
 1160. 1124. 1060. 1056. 1044. 1020. 1048. 1020. 1028. 1016.  996. 1020.
 1012.  996. 1028.]"
1,"[ 72.  64.  64.  72.  68.  64.  72.  64.  36.  32.  52.  56.  76.  84.
  72.  68.  32. -16. -44. -40.   4.   8.  32.  32.  24.  88.  72. 108.
 128.  28.  12.  64. 116.  80.  56.  64.  64.  68.  56. 100. 176. 200.
 220. 260. 292. 328. 280. 356. 368. 368. 332. 328. 316. 316. 304. 264.
 208. 184. 136.  64.  44.  36.  32.   8.   8.  -4. -32. -56. -56. -60.
 -36. -40. -24.  -4.  16.]","[ 180.  196.  168.  140.  124.  112.  128.  148.  124.   68.   44.   64.
  160.  244.  296.  308.  248. -100. -368. -516. -524. -520. -496. -480.
 -472. -496. -520. -552. -600. -676. -652. -668. -752. -768. -688. -616.
 -556. -424. -324. -244. -136.  -80.   84.  176.  220.  260.  232.  248.
  276.  292.  328.  340.  284.  320.  368.  376.  380.  416.  320.  212.
  252.  188.  112.   68.   36.   24.   40.   16.    8.   44.   80.  116.
  120.  112.  120.]","[ 996. 1008. 1008.  992.  992. 1000.  984. 1028. 1040. 1000.  992. 1028.
 1056. 1048. 1056.  996. 1048. 1088. 1140. 1132. 1048.  968.  924.  872.
  908.  988.  888.  900.  860.  980. 1028. 1000.  932.  936.  924.  856.
  844.  788.  764.  768.  712.  704.  696.  628.  612.  688.  732.  724.
  816.  828.  844.  948. 1068. 1048. 1032. 1032. 1124. 1120. 1180. 1224.
 1156. 1112. 1040. 1064. 1120. 1120. 1124. 1100. 1080. 1056. 1024. 1036.
 1016.  964.  952.]"
1,"[  4.  12.  12.  12.  12.   4.   8.   4.   0.  -8. -20. -16. -44. -52.
 -40. -20. -20.   8.   8.   8.  44.  12.  24.  52.  40.   0.  36. 104.
 144. 196. 220. 148. 108. 108.  92.  96.  64.  40.  32.  52.  88. 140.
 224. 240. 344. 368. 412. 408. 336. 352. 304. 332. 320. 324. 288. 256.
 236. 176. 152. 120.  60.  48.  12. -32. -40. -64. -36. -48. -52. -20.
 -12. -16.  -8.   4.   8.]","[ 160.  160.  164.  156.  148.  132.  132.  132.  148.  192.  268.  328.
  292.  268.  164.   80.   48.   36.  -48. -108.  -84.  -60. -176. -248.
 -336. -340. -312. -296. -320. -368. -464. -464. -472. -520. -552. -508.
 -476. -376. -240. -136.  -48.  124.  284.  304.  340.  344.  344.  420.
  464.  484.  456.  468.  456.  376.  364.  268.  280.  196.   56.   84.
   68.   -8.  -32.  -20.   -4.   -4.  -12.   -4.   36.   64.  124.  144.
  124.  108.  136.]","[1016. 1000. 1000.  996. 1000. 1008. 1008. 1000.  996.  984.  976.  988.
 1008. 1048. 1092. 1100. 1136. 1116. 1144. 1172. 1100. 1192. 1132. 1032.
 1016. 1072. 1044.  996. 1008.  952.  932.  992. 1020. 1008. 1024.  928.
  920.  908.  812.  756.  736.  620.  548.  640.  576.  580.  692.  752.
  828.  880.  928.  928.  956. 1004.  980. 1076. 1040. 1048. 1144. 1104.
 1208. 1192. 1188. 1196. 1132. 1108. 1084. 1084. 1068. 1052. 1016. 1040.
 1028. 1008. 1008.]"
1,"[ 40.  32.  32.  40.  36.  32.  32.  20.  32.  24.  20.  28.  20.  24.
   8.   8.  20.  28.  36.  72.  40.   0.  28.  36.  12.  72. 100.  92.
  80.  52.  68.  84.  56.  76. 104. 156. 180. 220. 264. 256. 276. 304.
 320. 296. 356. 400. 364. 404. 376. 380. 348. 316. 288. 292. 260. 256.
 200. 176. 152. 140. 144. 100.  84.  80.  12. -16. -52. -56. -52. -84.
 -48. -20. -12.  -4.   0.]","[ 112.  108.  104.  104.   92.   92.   96.   56.   36.   76.  140.  216.
  268.  296.  272.  188.  128.    0. -140. -264. -304. -292. -304. -396.
 -356. -332. -424. -492. -484. -528. -572. -560. -540. -456. -384. -280.
 -188. -124.  -52.   44.  152.  216.  272.  380.  364.  412.  440.  460.
  468.  408.  332.  240.  284.  336.  192.  188.  128.   80.   28.   52.
  120.  136.   32.  -68.  -84.  -60.  -16.   -4.    0.   52.   76.   92.
   60.   68.  100.]","[1008. 1004. 1016.  996. 1008. 1016. 1004. 1008. 1012. 1012. 1028. 1000.
 1068. 1112. 1144. 1132. 1116. 1104. 1148. 1068. 1068. 1100. 1004. 1016.
 1092. 1020. 1032. 1052. 1024. 1068. 1016.  936.  944.  900.  788.  712.
  708.  704.  644.  672.  676.  664.  744.  824.  816.  876.  912.  872.
  960.  976. 1012. 1056.  992. 1004. 1104. 1064. 1112. 1088. 1136. 1088.
  972. 1004. 1052. 1040. 1156. 1136. 1148. 1148. 1088. 1104. 1040. 1000.
 1008. 1004. 1012.]"
1,"[  36.   36.   36.   36.    8.    8.    0.   44.   64.   44.   64.   32.
   52.   40.   56.   40.   36.   68.   72.   72.  104.  108.  124.  156.
  196.  228.  252.  316.  344.  352.  316.  352.  372.  364.  356.  328.
  272.  248.  268.  228.  196.  152.  132.  116.   80.   44.   24.   16.
    8.  -24.  -60. -124. -156. -144. -132.  -80.  -32.  -36.  -40.  -32.
  -20.  -12.   -8.    0.    0.    4.    8.   12.    4.    4.   -4.   -8.
    0.   -4.   -4.]","[ 212.  284.  328.  356.  272.  144.   12. -116. -244. -328. -376. -352.
 -420. -448. -504. -472. -468. -492. -500. -452. -424. -384. -340. -280.
 -212. -140.  -72.   52.  112.  184.  232.  280.  248.  248.  320.  304.
  268.  312.  276.  252.  252.  268.  260.  208.  164.   84.    8.  -76.
  -68. -100. -156. -140.  -88.   44.   84.   20.    4.   24.   32.   68.
  108.  116.  104.  124.  136.  124.  116.  128.  136.  124.  144.  124.
  108.  100.   88.]","[1040. 1064. 1088. 1076. 1112. 1164. 1232. 1152. 1104. 1168. 1092. 1096.
 1096. 1088. 1056. 1076. 1040. 1016. 1040.  944.  872.  884.  788.  752.
  728.  692.  624.  604.  632.  660.  680.  728.  808.  872.  892.  920.
  980. 1024. 1072. 1092. 1160. 1168. 1168. 1192. 1208. 1228. 1184. 1168.
 1132. 1132. 1092. 1108. 1108. 1068. 1064. 1032. 1028. 1036. 1044. 1028.
 1024. 1040. 1032. 1044. 1032. 1032. 1040. 1036. 1028. 1008. 1020. 1020.
 1008. 1020. 1032.]"
1,"[ -12.   -8.   -8.   -4.    0.   -4.    0.   32.   32.   28.   60.   56.
   24.   40.   80.   40.   32.   48.   60.   64.   68.   76.   44.   48.
   44.   52.   56.   84.  108.  100.  116.  140.  172.  188.  224.  272.
  284.  276.  312.  296.  284.  288.  272.  264.  260.  232.  196.  168.
  164.  136.   84.   32.  -16.  -72.  -92.  -96. -136. -156.  -92.  -80.
  -88.  -68.  -52.  -24.   -8.  -12.    4.    4.  -12.    8.   12.    4.
   -8.   -8.   -4.]","[  52.   60.   80.   84.  108.  164.  216.  224.  176.  120.  116.   20.
  -88. -196. -232. -304. -344. -316. -344. -384. -404. -496. -480. -468.
 -516. -488. -440. -384. -344. -292. -184.  -92.   16.  128.  244.  308.
  400.  372.  380.  360.  364.  392.  324.  304.  256.  264.  236.  172.
  156.   36.  -40.  -48.  -48. -120. -184. -188.  -96.  -36.    4.    8.
   16.   48.   56.   68.   76.   76.   76.   88.  112.  124.  116.  124.
  108.  104.  100.]","[1028. 1016. 1012. 1016. 1032. 1052. 1088. 1140. 1136. 1104. 1040. 1060.
 1108. 1088. 1028. 1140. 1152. 1096. 1124. 1124. 1072. 1056. 1112. 1040.
 1004.  956.  888.  832.  836.  820.  776.  708.  636.  592.  620.  652.
  700.  784.  796.  848.  904.  932. 1032. 1020. 1080. 1156. 1116. 1168.
 1108. 1108. 1156. 1256. 1228. 1256. 1240. 1104. 1104. 1104. 1020.  976.
 1020. 1012. 1024. 1048. 1056. 1076. 1048. 1032. 1056. 1024. 1024. 1012.
 1024. 1020. 1024.]"
1,"[144. 148. 140. 124. 120. 112. 136. 192. 200. 200. 232. 236. 232. 232.
 248. 252. 256. 244. 220. 224. 208. 192. 220. 224. 208. 192. 176. 196.
 232. 252. 264. 268. 284. 320. 332. 392. 388. 392. 392. 388. 384. 356.
 324. 308. 312. 320. 296. 260. 216. 204. 192. 148. 120.  96.  64.  56.
  56.  76.  92. 120. 140. 144. 152. 160. 156. 152. 164. 144. 140. 148.
 156. 156. 152. 156. 156.]","[  32.   20.   64.  160.  216.  236.  196.  112.   28.  -68. -160. -188.
 -264. -304. -316. -304. -368. -436. -472. -496. -524. -548. -528. -488.
 -376. -340. -312. -204. -108.  -48.   52.  108.  176.  228.  280.  384.
  404.  372.  368.  344.  340.  332.  196.  200.  188.   96.   40.   28.
   12.  -56.  -92. -104. -112.  -84.  -84.  -92.  -60.  -52.  -28.  -12.
   16.   76.   64.   48.   60.   68.   56.   52.   48.   32.   24.   24.
   36.   32.   24.]","[1000. 1000. 1004. 1048. 1080. 1128. 1144. 1124. 1140. 1188. 1112. 1108.
 1088. 1084. 1016. 1092. 1092. 1084. 1140. 1112. 1128. 1096. 1004.  968.
  904.  792.  780.  724.  660.  656.  600.  620.  684.  708.  692.  684.
  792.  892. 1000. 1104. 1104. 1092. 1184. 1148. 1104. 1108. 1116. 1180.
 1224. 1220. 1232. 1208. 1156. 1108. 1060. 1052. 1020. 1000. 1028. 1052.
 1048. 1056. 1068. 1056. 1072. 1068. 1036. 1056. 1052. 1064. 1056. 1044.
 1036. 1044. 1044.]"
1,"[116. 128. 128. 116. 144. 184. 208. 212. 200. 224. 280. 240. 192. 264.
 280. 272. 300. 288. 272. 268. 256. 184. 184. 184. 164. 160. 172. 180.
 196. 228. 236. 280. 284. 292. 308. 320. 304. 252. 244. 256. 212. 152.
 144. 156. 176. 160. 180. 168. 164. 168. 156. 132. 108.  92. 104.  96.
  84. 104.  96.  92. 100. 108. 116. 124. 116. 108. 104. 116. 116. 116.
 108. 108. 108. 112. 116.]","[ 124.  132.  148.  196.  164.  116.   72.   28.  -60. -116. -164. -232.
 -248. -308. -304. -380. -420. -460. -492. -524. -520. -452. -380. -316.
 -284. -208. -156.  -76.   64.  184.  200.  280.  244.  232.  244.  332.
  352.  432.  488.  500.  504.  496.  432.  320.  280.  208.   12.  -96.
 -108.  -96. -144. -120.  -72.  -64.  -40.  -40.   16.   36.   60.   84.
   80.   72.   52.   32.   32.   40.   60.   64.   44.   40.   48.   44.
   52.   56.   36.]","[1080. 1084. 1088. 1056. 1080. 1124. 1144. 1144. 1184. 1148. 1048. 1108.
 1136. 1132. 1176. 1128. 1124. 1080. 1092. 1128. 1004. 1040. 1048.  976.
  864.  804.  704.  632.  564.  616.  628.  628.  748.  784.  768.  764.
  828.  916. 1016. 1112. 1164. 1140. 1096. 1132. 1136. 1168. 1296. 1300.
 1232. 1164. 1128. 1088. 1076. 1084. 1044. 1072. 1084. 1060. 1060. 1048.
 1052. 1052. 1044. 1024. 1044. 1060. 1056. 1044. 1036. 1036. 1048. 1064.
 1064. 1052. 1064.]"
1,"[120. 128. 128. 124. 120. 116. 100.  88.  88. 104. 108. 104. 112. 140.
 164. 164. 144. 144. 164. 148. 152. 200. 200. 192. 200. 160. 184. 176.
 148. 120. 108. 120. 116. 108. 132. 204. 244. 260. 280. 260. 260. 316.
 300. 328. 344. 328. 328. 304. 284. 276. 244. 200. 180. 124. 116. 124.
 104.  68.  40.  12.  96.  52.  24.   8.   4.  36.  40.  56.  64.  72.
  96. 128.  88.  80.  84.]","[  68.   60.   40.   40.   36.   56.  136.  224.  324.  272.  132.    8.
  -28.  -92. -120. -124. -184. -196. -180. -168. -192. -216. -244. -276.
 -332. -392. -408. -468. -428. -336. -308. -240. -148.  -96.  -12.   44.
  104.  176.  240.  292.  312.  360.  340.  364.  344.  288.  372.  392.
  376.  392.  376.  304.  236.  204.  128.   96.   40.   24.   12.   24.
  112.   92.   40.   12.  -32.    4.   56.   96.  116.  100.  112.  100.
  152.  172.  204.]","[1048. 1036. 1040. 1032. 1020.  992. 1008. 1040. 1084. 1080. 1152. 1208.
 1204. 1144. 1124. 1144. 1164. 1140. 1012. 1004. 1036.  976. 1072. 1064.
 1088. 1216. 1140. 1144. 1160. 1076. 1072. 1020.  936.  880.  808.  676.
  612.  604.  564.  648.  748.  740.  772.  812.  840.  936.  904.  932.
  992. 1032. 1076. 1180. 1160. 1156. 1240. 1108. 1136. 1268. 1228. 1268.
 1216. 1140. 1092. 1080. 1044. 1004. 1008.  976. 1012. 1036. 1040. 1036.
 1072. 1036. 1044.]"
1,"[ 72.  64.  60.  52.  56.  84. 104. 132. 168. 164. 184. 200. 180. 176.
 200. 180. 188. 188. 208. 180. 128. 104.  88. 104. 148. 196. 220. 232.
 252. 272. 268. 288. 336. 364. 360. 408. 392. 356. 360. 340. 296. 276.
 240. 156.  88.  72.  92. 100.  72.  56.  64.  24. -12. -36. -48. -64.
 -48. -20.  -8.   8.  12.  40.  56.  52.  40.  32.  40.  40.  48.  48.
  48.  40.  36.  40.  40.]","[  80.  100.  148.  212.  280.  324.  272.  148.   76.   44.   48.  -12.
  -68. -100. -176. -216. -240. -252. -292. -304. -328. -268. -212. -144.
 -120.  -80.  -68.  -32.   52.  132.  212.  232.  276.  284.  252.  292.
  308.  336.  428.  456.  440.  544.  516.  512.  560.  508.  332.  280.
  260.  160.   88.   76.   44.  -20.   28.  132.  156.  124.  148.  184.
  196.  176.  148.  152.  200.  216.  200.  184.  180.  160.  156.  172.
  172.  176.  180.]","[1044. 1044. 1032. 1060. 1096. 1100. 1156. 1208. 1240. 1148. 1080. 1016.
 1036. 1068. 1060. 1112. 1104. 1132. 1112. 1104. 1196. 1152. 1152. 1148.
 1024.  948.  860.  748.  636.  568.  612.  600.  588.  672.  740.  712.
  812.  856.  808.  920.  936.  876. 1020. 1020. 1028. 1088. 1132. 1128.
 1168. 1248. 1188. 1248. 1256. 1188. 1168. 1092. 1060. 1024. 1056. 1048.
 1040. 1028. 1020. 1024. 1044. 1056. 1052. 1056. 1032. 1020. 1036. 1056.
 1056. 1052. 1048.]"
1,"[ 44.  28.  24.  16.  28.  48.  80.  92. 104. 120. 112. 140. 132.  88.
 136. 136. 108. 148. 108.  88. 120. 148. 164. 192. 200. 212. 212. 220.
 228. 248. 252. 244. 248. 272. 272. 244. 292. 256. 256. 260. 244. 216.
 160. 136. 124. 104.  56.  40.  24.   8.   0.  -4. -16. -32. -24. -36.
 -28. -16.  -8.   0.  12.   8.  12.  12.   8.  12.  32.  36.  36.  40.
  28.  16.  16.  28.  24.]","[ 148.  196.  304.  404.  368.  296.  204.  104.  -12.  -60.  -48.  -92.
  -60.  -44. -124. -132. -144. -228. -184. -180. -188. -224. -224. -184.
 -144. -112.  -48.   24.  112.  196.  216.  248.  340.  332.  404.  472.
  520.  520.  636.  584.  512.  480.  444.  444.  352.  312.  320.  316.
  300.  264.  240.  224.  220.  192.  164.  156.  172.  176.  208.  212.
  224.  236.  244.  224.  224.  220.  216.  212.  204.  200.  224.  240.
  232.  220.  216.]","[1028. 1024. 1016. 1040. 1112. 1128. 1136. 1184. 1200. 1144. 1148. 1100.
 1060. 1124. 1112. 1132. 1176. 1140. 1184. 1272. 1188. 1144. 1100.  988.
  880.  744.  660.  636.  564.  540.  604.  652.  716.  776.  784.  856.
  872.  932.  876.  896. 1032. 1024. 1016.  960.  936.  980. 1108. 1176.
 1168. 1188. 1192. 1168. 1116. 1132. 1080. 1096. 1076. 1036. 1048. 1052.
 1024. 1032. 1012. 1004. 1028. 1028. 1020. 1016. 1000. 1000. 1016. 1020.
 1016. 1000. 1032.]"
1,"[ 16.  20.  28.  56.  56.  72. 104. 104.  80.  64.  76.  88.  80.  68.
  64.  56.  72. 100. 176. 220. 236. 272. 272. 236. 260. 276. 252. 236.
 244. 212. 228. 272. 276. 292. 292. 312. 344. 312. 304. 296. 288. 256.
 260. 284. 264. 220. 172. 156. 132.  84.  48.  44.  20.  -8.   4.  12.
  24.  56.  52.  60.  76.  80.  80.  72.  76.  92.  88.  80.  88.  88.
  84.  80.  72.  72.  76.]","[ 264.  284.  292.  340.  352.  304.  216.  144.  116.  140.   72.   84.
    8.   12.   24.   -8.  -56. -132. -196. -200. -180. -140. -112. -104.
  -72.  -52.   -8.   92.  184.  236.  292.  340.  432.  444.  444.  432.
  384.  424.  440.  428.  400.  336.  304.  320.  256.  228.  320.  292.
  196.  108.   76.   76.   72.   76.   80.  100.   84.   96.  120.  148.
  164.  180.  204.  220.  212.  200.  196.  180.  180.  168.  180.  180.
  180.  188.  188.]","[1012. 1012. 1028. 1048. 1104. 1152. 1168. 1156. 1140. 1152. 1136. 1100.
 1160. 1156. 1108. 1108. 1116. 1136. 1076. 1028. 1024.  956.  876.  904.
  840.  772.  740.  728.  644.  636.  632.  664.  736.  836.  908.  940.
 1000. 1008. 1020. 1000.  988. 1048. 1052.  996. 1036. 1108. 1096. 1112.
 1124. 1184. 1188. 1172. 1144. 1152. 1100. 1048. 1024. 1000. 1016. 1016.
 1016. 1036. 1048. 1052. 1040. 1008. 1024. 1024. 1028. 1036. 1052. 1036.
 1040. 1044. 1040.]"
1,"[ 72.  68.  64.  56.  56.  72. 108. 100.  92. 136. 100.  52.  72.  84.
  64.  56. 112. 104.  92. 104. 116. 128. 160. 188. 224. 220. 228. 240.
 248. 276. 300. 316. 312. 268. 312. 292. 284. 324. 280. 260. 248. 180.
 200. 156. 116. 104. 100.  84.  60.  44.  -8. -44. -64. -60. -64. -52.
 -24.   0.  12.  16.  16.  36.  44.  40.  56.  56.  56.  64.  72.  80.
  84.  92.  92.  92. 100.]","[ 196.  192.  212.  240.  272.  296.  360.  396.  332.  216.  112.    0.
  -72.  -84. -108. -140. -192. -228. -288. -284. -280. -264. -212. -176.
 -148. -116.  -40.  -12.   28.   88.  148.  216.  252.  284.  500.  532.
  496.  500.  444.  492.  428.  356.  408.  460.  440.  388.  424.  364.
  208.  144.  172.  164.  112.   72.   80.  112.  104.  108.  116.  184.
  240.  244.  256.  244.  252.  256.  248.  220.  236.  228.  216.  212.
  216.  200.  204.]","[1016. 1024. 1032. 1028. 1024. 1044. 1084. 1172. 1224. 1108. 1184. 1224.
 1136. 1124. 1152. 1216. 1192. 1168. 1196. 1132. 1084. 1088.  992.  900.
  848.  844.  776.  760.  760.  716.  656.  660.  680.  680.  640.  768.
  824.  828.  920.  884.  920. 1020. 1024.  964. 1020. 1084. 1060. 1204.
 1256. 1240. 1300. 1276. 1228. 1128. 1072. 1020.  968.  976. 1004. 1000.
 1008. 1020. 1032. 1064. 1036. 1032. 1024. 1016. 1016. 1028. 1016. 1036.
 1028. 1032. 1020.]"
1,"[152. 148. 144. 136. 120. 128. 108. 116. 164. 160. 116. 128. 180. 148.
 128. 204. 188.  96. 144. 168. 164. 120. 108. 128. 116. 104. 140. 192.
 248. 280. 296. 304. 280. 264. 276. 264. 252. 236. 236. 204. 172. 152.
 132. 116. 128.  92.  56.  44.  20.  36.  40.  24.  20.  28.  36.  44.
  64.  72.  92. 100.  96.  88.  80.  76.  88.  92.  84.  80.  84.  84.
  96.  96. 104. 108. 100.]","[ 148.  168.  176.  180.   88.   44.   88.   76.   96.  340.  540.  424.
  212.  116.  -24. -216. -464. -492. -468. -516. -516. -508. -508. -440.
 -332. -240. -140.  -44.   56.  144.  216.  320.  408.  512.  512.  504.
  536.  496.  536.  488.  516.  468.  456.  340.  208.  120.   96.  100.
   92.  100.   80.   84.  132.  172.  212.  208.  212.  212.  196.  188.
  180.  180.  192.  212.  172.  196.  204.  216.  212.  196.  188.  180.
  188.  172.  196.]","[1024. 1036. 1036. 1044. 1068. 1000. 1016. 1020.  952. 1072. 1184. 1268.
 1280. 1240. 1236. 1044. 1164. 1172. 1156. 1116. 1112. 1104. 1008.  884.
  804.  744.  672.  644.  564.  548.  540.  560.  600.  632.  748.  836.
  824.  956.  940. 1036. 1148. 1184. 1168. 1236. 1232. 1268. 1288. 1184.
 1148. 1132. 1076. 1080. 1076. 1032. 1028. 1028.  984. 1004.  996. 1004.
 1044. 1044. 1048. 1056. 1032. 1036. 1048. 1028. 1032. 1036. 1016. 1036.
 1040. 1032. 1024.]"
1,"[100.  96. 116. 112. 104. 112. 108. 104.  88. 108. 112. 132. 160. 188.
 196. 180. 224. 244. 176. 124. 140. 112.  68.  96. 132. 112. 132. 108.
  92. 136. 196. 220. 236. 260. 320. 292. 296. 280. 264. 244. 168. 172.
 180. 140. 100.  72.  24.  24. -16. -28. -12.  20.  20.  36.  60.  80.
  92.  92.  92. 100. 100.  96.  96.  84.  88.  92.  96. 104. 104.  92.
  92. 104. 108. 104. 108.]","[ 172.  164.  160.  152.  140.  148.  236.  480.  544.  460.  288.  204.
   72.  -28.  -64. -104. -236. -364. -368. -364. -400. -420. -368. -332.
 -328. -276. -164.  -64.   84.  256.  316.  300.  428.  516.  500.  496.
  568.  536.  444.  544.  488.  352.  300.  248.  108.   44.   48.  -20.
  -48.   36.   72.   92.  132.  176.  184.  176.  164.  160.  172.  172.
  160.  148.  148.  148.  148.  168.  164.  140.  152.  172.  148.  136.
  140.  152.  164.]","[1036. 1036. 1008. 1024. 1024. 1000.  996. 1004. 1088. 1152. 1192. 1228.
 1260. 1172. 1100. 1136. 1184. 1080. 1188. 1276. 1148. 1144. 1168. 1020.
  912.  824.  700.  636.  548.  412.  464.  556.  612.  704.  764.  916.
  872. 1036. 1088. 1032. 1168. 1248. 1224. 1328. 1372. 1216. 1236. 1176.
 1100. 1104. 1068. 1000. 1052. 1044. 1036. 1048. 1024. 1048. 1060. 1028.
 1044. 1052. 1036. 1048. 1028. 1024. 1040. 1024. 1036. 1040. 1032. 1036.
 1040. 1052. 1048.]"
1,"[112. 128. 148. 152. 120. 184. 176. 144. 200. 164. 116. 132. 160. 184.
 152. 128. 156. 188. 172. 156. 180. 184. 220. 260. 288. 268. 308. 300.
 328. 324. 324. 348. 352. 352. 332. 328. 300. 244. 256. 260. 136.  56.
   4.   4.  -4.  -4.   4.  40.  44.  60.  64.  60.  56.  64.  72.  68.
  72.  76.  76.  80.  96.  96.  80.  84.  84.  92. 100.  96.  84.  88.
 100. 104.  96.  96.  96.]","[ 376.  500.  480.  344.  196.  -12. -228. -320. -308. -332. -268. -212.
 -284. -392. -372. -392. -412. -420. -368. -272. -180.  -40.  128.  140.
  256.  352.  376.  464.  460.  384.  448.  372.  376.  416.  432.  368.
  288.  148.    4.  -52.  -36.  -88.  -68.  -60.  -28.   32.   44.   60.
   84.   92.  128.  160.  164.  164.  188.  188.  176.  164.  164.  140.
  112.  116.  128.  124.  128.  124.  128.  148.  164.  132.  104.  112.
  124.  136.  136.]","[1088. 1048. 1052. 1020. 1216. 1160. 1148. 1316. 1196. 1116. 1192. 1096.
 1096. 1100. 1168. 1176. 1068.  944.  808.  656.  596.  508.  492.  500.
  476.  560.  616.  740.  856.  912.  936. 1016. 1080. 1136. 1176. 1124.
 1104. 1232. 1168. 1036. 1140. 1200. 1224. 1188. 1120. 1116. 1084. 1024.
 1036. 1028. 1048. 1084. 1080. 1072. 1044. 1056. 1052. 1036. 1036. 1024.
 1024. 1012. 1036. 1036. 1040. 1052. 1032. 1020. 1020. 1024. 1028. 1036.
 1048. 1032. 1024.]"
1,"[108.  84.  96. 104.  68.  96. 108.  88.  68.  96. 124. 132. 148. 128.
 116. 148. 168. 160. 176. 200. 212. 232. 164.  84.  76.  68.  76. 116.
 120. 120. 156. 192. 264. 276. 252. 284. 248. 284. 316. 340. 284. 292.
 284. 252. 220. 184. 144. 128.  80.  44.  52.  48.  36.  24.  16.  44.
  76.  60.  64.  84. 100. 104. 104. 116. 112. 104. 104. 100. 100. 112.
 112.  96.  88.  96. 104.]","[ 124.  160.  176.  116.   84.  -24.  -28.   24.   68.  144.  312.  384.
  424.  316.   76. -164. -156. -108. -268. -296. -460. -548. -600. -500.
 -564. -552. -408. -288. -184.  -44.  160.  272.  316.  388.  480.  484.
  504.  436.  456.  368.  400.  452.  400.  280.  192.   80.    8.  -56.
  -72.  -80. -112. -152. -104.  -24.   28.    8.   16.   40.  116.  120.
  120.  152.  144.  116.  116.  124.  128.  132.  128.  100.  100.  124.
  136.  116.  116.]","[ 988. 1000. 1016. 1028. 1072. 1064. 1072. 1096. 1064.  996.  996. 1072.
 1132. 1176. 1264. 1260. 1204. 1204. 1144. 1128. 1216. 1196. 1176. 1212.
 1096.  948.  836.  676.  588.  584.  468.  472.  492.  548.  616.  720.
  848.  904.  916. 1028. 1032. 1116. 1204. 1264. 1216. 1220. 1232. 1276.
 1200. 1244. 1192. 1168. 1168. 1120. 1108. 1044. 1008. 1048. 1052. 1024.
 1044. 1024. 1032. 1024. 1036. 1060. 1040. 1032. 1040. 1036. 1036. 1052.
 1056. 1040. 1020.]"
1,"[116. 108. 104. 124. 132. 132. 116.  68.  72.  84.  80.  68. 100. 100.
  80.  88.  88.  64.  56. 104. 132. 136. 140. 120. 120. 144. 144. 112.
 140. 188. 176. 168. 196. 192. 228. 252. 292. 276. 304. 312. 256. 232.
 200. 180. 140.  92.  96.  84.  60.  24.   8.   0. -12.   0.  -4.   0.
  36.  52.  68.  76.  92.  96. 112. 116. 116. 108. 108.  96.  96. 104.
 104. 108. 116. 112. 112.]","[  88.   84.   72.   52.   72.  144.  288.  432.  460.  352.  176.   52.
 -108. -228. -256. -188. -248. -356. -416. -428. -452. -512. -504. -508.
 -512. -448. -360. -228. -108.  -36.  136.  324.  384.  396.  384.  328.
  340.  328.  348.  332.  356.  432.  396.  348.  284.  212.   88.   -8.
  -60.  -84.  -84.  -56.  -72.  -52.   20.   44.   48.   80.  116.  124.
  152.  172.  176.  180.  168.  148.  152.  152.  132.  140.  136.  124.
  120.  144.  152.]","[1040. 1032. 1048. 1028. 1024. 1028. 1016. 1048. 1080. 1072. 1044. 1176.
 1144. 1164. 1232. 1152. 1116. 1212. 1260. 1172. 1160. 1132. 1008. 1024.
  968.  820.  820.  760.  628.  548.  592.  500.  540.  664.  756.  844.
  896.  916.  972. 1012. 1004. 1064. 1032. 1148. 1180. 1316. 1376. 1376.
 1356. 1304. 1212. 1184. 1168. 1084. 1032. 1012.  952.  948.  972. 1004.
 1024. 1032. 1032. 1056. 1048. 1048. 1020. 1020. 1028. 1000. 1020. 1036.
 1040. 1056. 1060.]"
1,"[116. 116. 112. 124. 116. 104.  84.  72. 100. 100.  44.  48. 100. 120.
 124. 116. 112. 100.  68.  56.  72.  80.  56.  68.  76.  92. 136. 152.
 168. 200. 224. 232. 272. 268. 296. 332. 320. 300. 356. 356. 328. 276.
 220. 188. 160. 156.  72.  24.  -4. -32.  12.   4.   8.  24.  12.  16.
  40.  52.  64.  76.  88. 104. 108.  92.  96. 100.  96.  84.  96.  96.
  92.  96.  96.  88.  84.]","[ 140.  128.  104.   96.  124.  232.  428.  524.  328.  120.   24.   76.
   96. -180. -232. -188. -296. -408. -504. -484. -492. -524. -508. -460.
 -408. -260. -156.  -96.   16.  184.  256.  276.  376.  396.  364.  340.
  320.  456.  516.  412.  468.  488.  384.  360.  236.   60.   48.   20.
    8.   -4.   -4.   12.   16.   40.   80.  100.  120.  132.  132.  140.
  164.  148.  136.  144.  152.  176.  192.  188.  168.  164.  164.  160.
  152.  164.  152.]","[1032. 1040. 1032. 1020. 1020. 1000.  968.  984. 1012. 1028. 1072. 1044.
 1072. 1308. 1388. 1412. 1372. 1260. 1344. 1276. 1120. 1036. 1016.  876.
  828.  748.  632.  652.  572.  468.  496.  580.  548.  684.  712.  836.
  952.  860.  960. 1120. 1084. 1108. 1208. 1168. 1244. 1196. 1232. 1260.
 1240. 1316. 1172. 1256. 1168. 1028. 1016.  940.  896.  912.  976. 1000.
 1024. 1040. 1048. 1096. 1076. 1048. 1044. 1048. 1044. 1052. 1048. 1044.
 1032. 1032. 1032.]"
1,"[112. 108. 100. 104. 108. 100.  96.  96. 100.  88.  96.  96.  88.  72.
  92. 120. 112. 116. 128.  92.  80.  44.  24.  20.  -8. -44.   4.  44.
  32.  24.  64.  56.   4.   0.  24.  72.  92. 108. 116. 160. 164. 220.
 224. 256. 276. 292. 312. 280. 252. 280. 240. 204. 180. 124. 100. 128.
  96.  76. 104.  72.   4.   0.  20.  28.  52.  68.  72.  80.  92. 100.
  92.  92. 100.  92.  88.]","[ 180.  188.  180.  176.  176.  160.  156.  164.  192.  196.  184.  204.
  188.  140.  108.  108.  212.  300.  348.  412.  464.  276.  100.  -92.
 -320. -360. -380. -484. -464. -456. -484. -580. -576. -520. -496. -416.
 -300. -184.  -28.  112.  168.  276.  300.  304.  380.  412.  444.  452.
  376.  380.  400.  412.  448.  472.  308.  208.  144.   64.   -8.  -44.
  -36.    8.   12.   16.   20.   68.   84.   92.   96.  128.  144.  176.
  168.  164.  160.]","[1008. 1000. 1048. 1028. 1012. 1028. 1024. 1040. 1048. 1064. 1052. 1036.
 1060. 1024.  972.  976. 1000. 1008. 1004.  984.  920. 1080. 1176. 1312.
 1272. 1280. 1204. 1176. 1208. 1172. 1112. 1156. 1188. 1004.  928.  872.
  692.  604.  592.  456.  468.  580.  576.  648.  696.  764.  804.  936.
 1000. 1032. 1076. 1164. 1184. 1112. 1236. 1252. 1292. 1312. 1240. 1236.
 1268. 1180. 1060. 1048.  964.  912.  936.  980.  996. 1028. 1064. 1064.
 1068. 1084. 1080.]"
1,"[ 84.  88.  80.  68.  72.  84.  76.  72.  76.  72. 100. 120.  60.  36.
  48.  68.  44.   0.  44.  76.  84.  56.  44.  68. 116. 116. 128. 136.
 160. 152. 204. 228. 236. 232. 252. 256. 252. 284. 280. 308. 272. 268.
 256. 220. 236. 204. 176. 184. 176. 144. 112.  84.  56.  72.  80.  84.
  96. 120. 144. 152. 140. 144. 152. 148. 152. 148. 148. 140. 140. 144.
 144. 148. 148. 144. 152.]","[ 136.  184.  232.  224.  204.  216.  192.  196.  240.  252.  120.   60.
 -268. -448. -484. -528. -532. -496. -512. -496. -504. -504. -464. -380.
 -320. -264. -156.  -44.   88.  216.  300.  336.  336.  340.  392.  364.
  368.  432.  364.  368.  364.  304.  412.  380.  188.  120.   76.  -20.
  -80. -136. -148.  -96.  -16.    0.   20.   68.  128.  112.  108.  116.
  140.  148.  152.  148.  160.  176.  148.  152.  152.  136.  128.  132.
  132.  124.  120.]","[1036.  980.  960. 1024. 1060. 1052. 1068. 1056. 1072. 1100. 1216. 1116.
 1192. 1268. 1216. 1168. 1132. 1092. 1100. 1028. 1088. 1040.  948.  908.
  832.  752.  704.  604.  532.  592.  568.  660.  712.  768.  884.  952.
  928.  980. 1012. 1008. 1108. 1148. 1040. 1152. 1168. 1268. 1296. 1268.
 1228. 1208. 1160. 1116. 1104. 1052. 1024. 1020.  972.  952.  960.  988.
 1020. 1032. 1048. 1060. 1048. 1044. 1052. 1044. 1044. 1048. 1048. 1036.
 1036. 1040. 1036.]"
1,"[ 140.  136.  136.  136.  144.  144.  148.  148.  148.  144.  148.  152.
  156.  148.  148.  152.  144.  140.  136.  116.   68.   32.   64.   88.
   56.   12.   -8.  -52.  -96. -100.  -56.  -12.   60.  128.  168.  156.
  140.  144.  140.  136.  164.  144.  160.  144.  180.  216.  236.  284.
  272.  308.  296.  308.  308.  268.  272.  252.  224.  168.  128.   96.
   76.   80.   80.   48.   48.   56.   28.   20.    8.    0.  -20.  -20.
    4.   32.   36.]","[ 112.  120.  132.  124.  120.  128.  120.  116.  116.  120.  128.  124.
  116.  120.  116.  132.  180.  244.  340.  364.  444.  356.  152.  -40.
 -172. -236. -136. -288. -444. -448. -396. -396. -380. -416. -480. -572.
 -564. -520. -448. -400. -316. -252. -104.   -8.  140.  184.  268.  288.
  284.  340.  424.  456.  420.  404.  412.  352.  368.  404.  328.  332.
  344.  244.  152.  128.   96.   48.   36.    0.  -12.   16.   76.   76.
   84.  116.  148.]","[1056. 1052. 1032. 1048. 1032. 1032. 1036. 1044. 1036. 1024. 1020. 1020.
 1032. 1040. 1044. 1024. 1024.  992.  992.  996.  944. 1000. 1052. 1064.
 1152. 1180. 1100. 1232. 1260. 1292. 1236. 1148. 1112. 1024. 1032. 1108.
 1048.  956.  908.  772.  712.  692.  640.  588.  604.  576.  660.  732.
  832.  908.  844.  868.  936.  960.  972. 1032. 1056. 1032. 1104. 1060.
 1068. 1120. 1184. 1276. 1264. 1256. 1264. 1240. 1200. 1120. 1068. 1060.
 1016.  976. 1000.]"
1,"[ 92.  96. 104.  80.  80.  92.  84.  76.  76.  80.  68.  76.  48.  64.
 100.  52.   0.  -8.  -8.  -8.  -4.  12.  48. 132. 148. 160. 184. 172.
 188. 204. 192. 172. 176. 168. 184. 208. 224. 272. 304. 332. 340. 356.
 360. 336. 300. 292. 280. 272. 220. 148. 120.  92.  60.  44.  48.  60.
  36.  40.  36.  28.  24.  12.  20.  24.  16.  12.  20.  28.  32.  36.
  48.  64.  72.  72.  64.]","[ 156.  140.  152.  172.  172.  160.  168.  184.  184.  196.  260.  504.
  536.  316.  128.   56. -128. -144. -176. -216. -252. -272. -300. -388.
 -448. -448. -460. -424. -428. -404. -360. -260. -168. -132.  -72.  -24.
   40.   80.  144.  232.  312.  316.  352.  364.  412.  472.  452.  460.
  484.  480.  564.  492.  436.  444.  308.  292.  272.  172.  100.   52.
   52.   68.   16.   24.   84.  136.  128.  112.  152.  180.  168.  164.
  180.  200.  228.]","[1052. 1048. 1024. 1028. 1020.  996. 1008. 1040. 1044. 1028. 1000.  944.
 1020. 1128. 1088. 1188. 1236. 1200. 1236. 1152. 1088. 1100. 1100. 1028.
 1124. 1192. 1136. 1144. 1060.  980.  976.  868.  796.  812.  728.  668.
  628.  576.  616.  596.  616.  696.  708.  792.  868.  904.  996. 1024.
 1032. 1096.  984. 1060. 1060. 1036. 1168. 1160. 1184. 1224. 1236. 1244.
 1184. 1128. 1128. 1068. 1048. 1032. 1024.  980.  968.  980.  980. 1012.
 1036. 1044. 1048.]"
1,"[ 72.  72.  72.  84.  88.  80.  72.  68.  68.  60.  52.  64.  60.  72.
  64.  56.  36. -20. -96. -52.  52.  52.  -4. -12.   0. -64. -56. -20.
 -48. -40.  44.  76.  44.  36.  68. 108. 132. 192. 236. 244. 248. 260.
 260. 216. 216. 212. 252. 248. 212. 252. 260. 248. 208. 260. 204. 132.
  72.  64.  56.  28.  40.  52.  36.  28.  28.  28.  36.  20.   0. -16.
 -20.  -8.  16.  28.  20.]","[ 220.  236.  208.  172.  172.  180.  156.  144.  152.  152.  160.  156.
  140.  132.  148.  200.  380.  572.  728.  448.    4. -260. -376. -336.
 -320. -344. -400. -408. -368. -344. -472. -500. -476. -428. -440. -400.
 -340. -276. -208. -144.  -56.   -4.   60.  136.  272.  312.  344.  384.
  416.  432.  372.  376.  384.  384.  348.  432.  500.  452.  440.  432.
  328.  296.  232.  204.  184.  104.   20.    4.   68.  116.  120.  124.
  156.  164.  148.]","[1024. 1016. 1020. 1032. 1024. 1040. 1044. 1028. 1028. 1028. 1048. 1056.
 1080. 1064. 1044. 1012.  980.  984.  896.  916. 1088. 1120. 1292. 1244.
 1096. 1216. 1232. 1164. 1100. 1116. 1068. 1080. 1100. 1152. 1052.  996.
  936.  832.  772.  748.  712.  672.  656.  664.  660.  640.  636.  680.
  672.  800.  896.  928. 1008. 1032. 1100. 1092. 1060. 1124. 1052. 1064.
 1164. 1144. 1184. 1200. 1192. 1160. 1160. 1128. 1100. 1080. 1044. 1008.
  980.  984. 1016.]"
1,"[ 84.  84.  88.  92.  76.  68.  88.  80.  76.  76.  84.  84.  84.  80.
  68.  60.  64.  56.  28. -60. -84. -20.  36.  48.  16.   0.  -4.   8.
  40. 100.  88. 100.  84. 108. 116. 120. 152. 232. 284. 276. 252. 224.
 164. 140. 152. 148. 204. 200. 216. 220. 256. 256. 228. 216. 200. 192.
 180. 152.  96.  72.  68.  68.  60.  40.   8.   0.  -8. -40. -48. -40.
 -24. -20. -24.  -8.   0.]","[ 104.   88.   60.   76.  132.  136.  100.   92.  100.   84.   76.   88.
   80.   84.   96.  108.  136.  208.  372.  596.  536.  244.  -68. -244.
 -284. -328. -312. -292. -232. -192. -296. -388. -352. -388. -472. -432.
 -372. -340. -336. -296. -252. -252. -128.   24.  104.  216.  328.  384.
  452.  444.  420.  428.  428.  464.  436.  428.  372.  404.  400.  372.
  344.  240.  120.   36.   16.  -40.  -88.  -68.  -16.  -12.  -20.   16.
   72.   88.  120.]","[1036. 1024. 1044. 1032. 1028. 1056. 1044. 1040. 1032. 1032. 1028. 1044.
 1048. 1044. 1052. 1044. 1004.  992.  936.  876. 1004. 1164. 1240. 1260.
 1240. 1216. 1192. 1164. 1112. 1076. 1092. 1136. 1168. 1172. 1152. 1164.
 1116.  932.  860.  804.  672.  672.  692.  628.  584.  640.  592.  636.
  640.  688.  772.  888.  948.  956. 1024. 1028. 1108. 1136. 1136. 1164.
 1156. 1196. 1268. 1248. 1248. 1216. 1176. 1204. 1112. 1064. 1048. 1052.
 1020. 1032. 1020.]"
1,"[ 48.  48.  52.  56.  48.  48.  52.  52.  48.  40.  40.  48.  48.  48.
  52.  52.  52.  52.  48.  24. -12. -20. -20.  12.  52.  68.  48.  56.
  76.  84.  52.  -4.  36.  80.  92.  96.  48.  80. 172. 172. 168. 188.
 236. 252. 260. 300. 276. 296. 260. 260. 232. 232. 168. 128.  76.  52.
  36.  28.   0. -28. -32.   4.   0.   8.  28.  40.  40.  40.  40.  44.
  56.  72.  80.  80.  68.]","[ 148.  136.  136.  124.  128.  112.  108.  124.  144.  156.  148.  140.
  132.  108.  104.  108.   88.   84.  124.  228.  436.  512.  424.  204.
  -28.  -84.  -76. -160. -288. -232. -164. -236. -304. -416. -464. -512.
 -364. -308. -268. -192.  -64.   80.  212.  324.  316.  396.  436.  460.
  464.  432.  456.  452.  540.  548.  480.  448.  376.  204.  172.  180.
  120.  -12.  -36.  -24.  -20.   16.   24.   64.  116.  136.  124.  116.
  116.  120.  124.]","[1024. 1032. 1028. 1040. 1048. 1052. 1040. 1028. 1024. 1040. 1064. 1044.
 1032. 1028. 1024. 1052. 1072. 1040. 1012.  960.  960. 1024. 1092. 1160.
 1160. 1136. 1116. 1256. 1292. 1240. 1264. 1280. 1232. 1252. 1192. 1120.
 1092.  920.  724.  636.  504.  448.  444.  480.  520.  520.  556.  568.
  684.  816.  896. 1064. 1004. 1132. 1224. 1204. 1236. 1276. 1260. 1328.
 1264. 1228. 1208. 1120. 1108. 1044. 1016. 1048.  992. 1020. 1016. 1024.
 1040. 1036. 1060.]"
1,"[ 88.  76.  76.  80.  76.  68.  52.  36.  40.  44.  36.  56.  96.  76.
  64. 120.  96.  80. 116. 164. 160. 168. 196. 204. 156. 152. 152. 184.
 192. 216. 244. 256. 284. 276. 264. 252. 212. 232. 252. 284. 276. 320.
 292. 260. 200. 164. 100.  52.  84.  92.  80.  64.  52.  52.  32.  12.
  20.  40.  48.  32.  16.  28.  64.  80.  84.  76.  80.  68.  68.  76.
  84.  84.  68.  72.  72.]","[  52.   48.   48.   28.    8.   -4.   52.  128.  196.  280.  236.  156.
   84.   64.   -8. -136. -232. -268. -348. -428. -476. -476. -540. -640.
 -572. -536. -520. -432. -356. -296. -156.  -92.   32.   84.  120.  176.
  288.  352.  324.  420.  428.  368.  416.  408.  488.  448.  472.  452.
  312.  220.  160.  116.   80.   44.   20.   40.   24.    0.    4.   68.
  148.  148.  124.  140.  148.  144.  140.  152.  160.  160.  148.  148.
  168.  152.  152.]","[1048. 1048. 1048. 1016. 1028. 1028. 1020. 1072. 1032. 1052. 1112. 1144.
 1104. 1216. 1196. 1112. 1220. 1252. 1156. 1120. 1048. 1000. 1084. 1032.
 1008. 1004.  888.  788.  816.  680.  656.  712.  612.  580.  672.  652.
  612.  724.  788.  716.  892.  972.  996. 1040. 1052. 1100. 1068. 1144.
 1156. 1184. 1248. 1248. 1248. 1172. 1152. 1148. 1084. 1060. 1048. 1036.
 1016. 1016. 1000.  992.  992. 1016. 1024. 1040. 1040. 1032. 1032. 1036.
 1040. 1028. 1036.]"
1,"[  84.   76.   84.   72.   72.   64.   60.   60.   64.   28.   -8.  -20.
   44.   48.   52.   76.  108.  124.  136.  168.  244.  236.  160.  148.
  200.  224.  224.  224.  216.  232.  216.  224.  196.  220.  196.  212.
  228.  184.  140.  104.   80.   48.   36.   16. -356. -168.  -68.  -28.
  -12.  -12.  -28.  -44.  -20.   -4.   20.   40.   48.   60.   64.   92.
  100.  116.  108.  124.  128.  116.  104.  108.  108.  104.  104.  112.
  104.   96.   92.]","[ 132.  120.  104.  120.  120.  140.  144.  168.  252.  344.  424.  328.
  192.   80.  -72. -176. -228. -180. -160. -220. -336. -416. -376. -328.
 -312. -268. -128.  -32.  104.  220.  256.  312.  348.  376.  372.  344.
  328.  352.  464.  464.  476.  460.  440.  388.  556.  300.  164.   80.
    0.   40.   36.   12.   12.   20.   24.   56.   72.   96.  108.   96.
  112.  136.  152.  144.  140.  164.  172.  180.  188.  184.  180.  184.
  208.  192.  184.]","[1024. 1040. 1028. 1024. 1028. 1028. 1028. 1036. 1028. 1048. 1112. 1148.
 1096. 1208. 1272. 1268. 1288. 1232. 1188. 1164. 1044. 1004.  976.  884.
  788.  788.  712.  640.  684.  592.  636.  688.  720.  760.  804.  876.
  928.  976.  972. 1016. 1024. 1052. 1092. 1160.  480.  940. 1100. 1216.
 1232. 1156. 1180. 1156. 1112. 1092. 1024. 1024.  988.  972.  964.  948.
  936.  928.  972.  972. 1004. 1016. 1024. 1020. 1016. 1024. 1028. 1020.
 1028. 1052. 1052.]"
1,"[100.  96.  96.  96.  96.  92. 100. 104.  88.  92.  92.  92.  88.  92.
  92.  72.  52.   4.   0.  -4.   8.  36.  72. 132. 116. 148. 172. 180.
 108. 140. 172. 156. 160. 180. 192. 192. 180. 196. 180. 176. 220. 244.
 280. 268. 276. 280. 316. 324. 356. 336. 312. 316. 316. 320. 252. 224.
 248. 180. 120.  60.  20.   8.  28.  24.   8.   4. -24. -60. -40. -20.
 -20. -12.  -4.   8.  24.]","[ 164.  164.  148.  148.  148.  140.  120.  116.  136.  132.  128.  144.
  152.  152.  164.  228.  328.  476.  448.  292.  168.  -28. -180. -336.
 -280. -356. -420. -440. -420. -448. -476. -496. -496. -520. -564. -572.
 -548. -488. -396. -272. -204. -144.  -24.   68.  144.  228.  264.  272.
  288.  248.  360.  452.  364.  360.  484.  384.  376.  300.  304.  268.
  196.  196.  112.   36.   16.  -52.  -48.  -20.  -32.  -44.  -20.   16.
   64.   84.  112.]","[1020. 1020. 1040. 1024. 1028. 1024. 1016.  996. 1008. 1012. 1028. 1016.
 1016. 1012. 1024. 1012.  992.  996. 1040. 1048. 1104. 1196. 1204. 1132.
 1168. 1080. 1060.  988. 1060. 1088. 1040. 1108. 1084. 1064.  972.  996.
  892.  732.  804.  696.  628.  688.  588.  600.  640.  632.  716.  732.
  760.  892.  824.  804.  940.  936.  932. 1024. 1108. 1156. 1096. 1096.
 1128. 1196. 1268. 1236. 1284. 1240. 1216. 1208. 1132. 1028. 1044. 1032.
 1016. 1004. 1012.]"
1,"[ 64.  68.  64.  56.  60.  60.  56.  60.  44.  28.  24.  16. -28.   8.
  64.  44.  -4.   4.  40.  36.  32.  68. 152. 172. 152.  80. 104. 176.
 208. 204. 220. 244. 228. 224. 236. 208. 200. 228. 240. 216. 212. 164.
 148. 144.  96.  44.  44.  32.  68.   8.  -4. -16. -24. -40. -32. -20.
  -8.   8.  24.  36.  40.  40.  36.  44.  40.  52.  40.  48.  44.  44.
  44.  52.  52.  48.  52.]","[ 128.  124.  116.  120.  108.   92.   92.  116.  164.  236.  264.  368.
  488.  328.  176.   80.  -44. -212. -324. -388. -388. -368. -508. -564.
 -564. -528. -508. -456. -368. -296. -128.  -12.  116.  224.  256.  300.
  360.  320.  324.  384.  408.  396.  452.  388.  372.  340.  220.  100.
    0.   -4.  -28.  -40.  -44.   32.   64.   60.   88.  124.  148.  156.
  140.  140.  156.  164.  156.  160.  164.  144.  144.  152.  164.  156.
  156.  148.  148.]","[1036. 1032. 1024. 1036. 1032. 1036. 1044. 1020. 1020. 1012. 1028. 1048.
 1124. 1184. 1092. 1172. 1296. 1232. 1184. 1184. 1172. 1116. 1036. 1036.
  984. 1052.  936.  744.  688.  620.  568.  536.  540.  540.  640.  724.
  772.  856.  900.  924. 1008. 1020. 1036. 1108. 1096. 1204. 1232. 1300.
 1384. 1360. 1292. 1220. 1288. 1180. 1112. 1072. 1052. 1008.  988.  988.
  984. 1008. 1012. 1016. 1044. 1028. 1032. 1032. 1024. 1028. 1036. 1028.
 1048. 1056. 1044.]"
1,"[ 52.  56.  48.  48.  60.  56.  44.  52.  52.  52.  52.  56.  60.  52.
  60.  48.  20.   8.  80.  96.  64.  52.  68.  52.  76. 136. 136. 108.
 136. 164. 144. 128. 188. 196. 192. 212. 208. 232. 248. 256. 256. 260.
 260. 248. 228. 220. 184. 132. 108.  76.  52.  40.  24.  12. -28. -24.
 -16. -16.  -4.  -4. -20. -20.   4.  20.  12.  12.  20.  40.  32.  20.
  28.  24.  24.  40.  28.]","[ 148.  144.  156.  160.  144.  148.  156.  152.  152.  144.  152.  144.
  136.  140.  192.  352.  480.  440.  312.  172.   12.  -80.  -96. -116.
 -172. -320. -400. -388. -420. -448. -396. -332. -292. -256. -152.  -40.
   96.  212.  248.  332.  356.  336.  344.  408.  416.  416.  460.  448.
  340.  324.  288.  204.  108.   64.   48.   16.   12.    8.  -36.  -20.
   24.   60.   68.   84.  136.  200.  200.  176.  192.  216.  212.  208.
  180.  152.  176.]","[1032. 1036. 1036. 1032. 1020. 1020. 1044. 1020. 1032. 1044. 1024. 1024.
 1020. 1024. 1008. 1012. 1028. 1072. 1096. 1160. 1272. 1272. 1180. 1200.
 1184. 1184. 1208. 1192. 1084. 1024. 1008.  864.  744.  752.  668.  608.
  584.  548.  588.  676.  708.  804.  868.  864.  968. 1036. 1084. 1092.
 1144. 1116. 1128. 1216. 1272. 1268. 1276. 1212. 1192. 1164. 1116. 1068.
 1008. 1004. 1008.  984.  976.  988. 1016. 1036. 1056. 1052. 1032. 1032.
 1052. 1036. 1036.]"
1,"[ 36.  44.  40.  44.  36.  28.  36.  32.  20.  20.  20.   8. -28. -72.
 -56.  36.  48.   4. -16.   0.   4.   8.  52.  76.   8.  76. 104. 136.
 124. 128. 148. 152. 188. 224. 260. 260. 304. 300. 292. 324. 328. 316.
 292. 272. 280. 260. 248. 260. 224. 192. 168. 136. 120. 120. 124. 100.
  80.  56.  28.  20.  12.   4.  12.  28.   0.  -8.  24.  52.  68.  64.
  60.  52.  48.  48.  44.]","[ 112.  104.   96.  100.  112.  108.  100.  124.  128.  108.  144.  260.
  436.  460.  336.  168.  144.   16.  -96. -204. -180. -184. -296. -376.
 -412. -476. -460. -452. -452. -420. -348. -256. -172. -104.  -12.  100.
  184.  216.  280.  292.  272.  336.  424.  436.  396.  312.  316.  324.
  224.  228.  232.  168.  120.   60.    0.  -28.  -28.   -8.    0.  -20.
  -12.   16.   48.   20.   44.   80.  108.  108.   84.  100.  148.  180.
  168.  160.  156.]","[1016. 1024. 1028. 1016. 1020. 1036. 1008. 1004. 1032. 1036. 1008. 1016.
 1020. 1052. 1092. 1024. 1152. 1172. 1260. 1288. 1240. 1200. 1184. 1164.
 1176. 1156. 1100.  996.  972.  948.  916.  852.  780.  692.  620.  556.
  532.  588.  636.  712.  732.  752.  772.  840.  900. 1016. 1056. 1064.
 1172. 1160. 1152. 1164. 1192. 1208. 1168. 1208. 1228. 1208. 1184. 1188.
 1108. 1076. 1052.  984. 1040. 1048. 1012. 1016. 1024. 1048. 1056. 1036.
 1032. 1032. 1044.]"
1,"[ 48.  20. -12.  24.  88.  68.  36.   4.  24.  44. -16.   4.  52.  84.
  80. 160. 200. 200. 176. 156. 192. 232. 248. 248. 264. 284. 288. 304.
 304. 320. 340. 360. 364. 372. 328. 328. 312. 292. 272. 264. 232. 224.
 176. 148. 140. 116. 108.  68.  28.  20.  32.  56.  44.  56.  44.  12.
  -4.  -8.  12.   8.   0.   0.  20.  16.  28.  44.  56.  56.  52.  44.
  44.  44.  44.  36.  32.]","[ 128.  212.  420.  388.  236.  116.  -84. -160. -196. -256. -256. -324.
 -376. -408. -412. -488. -540. -512. -536. -468. -428. -400. -344. -232.
 -132. -112.  -32.   92.  172.  208.  264.  304.  288.  292.  276.  252.
  264.  276.  300.  236.  148.  220.  204.  120.  152.  136.  120.  108.
   88.  104.   80.  -16.  -44.  -56.  -72.  -40.  -32.   -4.   -4.    0.
   -4.   -4.   28.   64.   80.   96.  120.  144.  152.  152.  128.   96.
   96.  116.  112.]","[1008.  976.  944.  988. 1024. 1116. 1292. 1272. 1296. 1172. 1212. 1220.
 1132. 1076. 1156. 1124. 1052. 1064. 1040. 1000.  904.  824.  796.  720.
  636.  640.  588.  544.  572.  648.  696.  756.  812.  856.  912.  944.
  992.  988. 1000. 1084. 1172. 1064. 1024. 1104. 1100. 1168. 1188. 1192.
 1180. 1124. 1132. 1120. 1156. 1164. 1156. 1124. 1088. 1072.  996.  992.
 1032. 1048. 1036. 1040. 1048. 1032. 1028. 1040. 1036. 1056. 1048. 1044.
 1048. 1072. 1064.]"
1,"[ 48.  52.  56.  52.  48.  44.  40.  40.  44.  36.  28.  44.  40.   4.
  12.  40. -12. -12.  36.  44.  52.  68.  76. 108. 124. 124. 160. 188.
 184. 216. 248. 264. 272. 280. 280. 272. 272. 260. 260. 292. 252. 300.
 288. 248. 228. 224. 228. 188. 156. 160. 140. 112.  76.  72.  72.  60.
  24.  32.  28.   4.   0.  20.  32.  32.  36.  48.  68.  68.  68.  84.
  88.  88.  80.  80.  72.]","[  96.   76.   76.   80.  116.  152.  164.  184.  228.  336.  284.  200.
  196.   56.  -64. -172. -320. -316. -316. -376. -344. -336. -376. -440.
 -476. -456. -436. -400. -324. -228. -216. -164.  -64.   60.  144.  184.
  256.  312.  320.  268.  216.  224.  184.  272.  308.  232.  240.  200.
  172.  164.   20.  -20.  -12.  -76. -164. -208. -172. -148. -140. -108.
  -80.  -48.    4.   24.   24.   24.   28.   44.   60.   60.   60.   40.
   56.   92.   96.]","[1040. 1016. 1008. 1036. 1032. 1024. 1032. 1020.  984. 1000. 1060. 1108.
 1052. 1068. 1128. 1088. 1196. 1208. 1188. 1220. 1168. 1152. 1196. 1140.
 1092. 1068.  980.  872.  836.  752.  660.  648.  624.  584.  604.  684.
  704.  760.  824.  840.  892.  916. 1008. 1044. 1092. 1100. 1132. 1168.
 1124. 1148. 1192. 1168. 1180. 1160. 1128. 1124. 1176. 1128. 1108. 1092.
 1056. 1036. 1048. 1076. 1068. 1060. 1032. 1032. 1040.  988.  984. 1032.
 1056. 1056. 1044.]"
1,"[ 48.  44.  44.  44.  20.   4.  24.  56.  60.  52.  60.  48.  52.  80.
  84.  68.  72.  96.  76.  80. 104. 104.  80. 100. 136. 136. 180. 224.
 196. 184. 216. 252. 268. 284. 288. 288. 256. 240. 248. 248. 260. 268.
 316. 264. 280. 276. 236. 236. 220. 188. 204. 172. 156. 152. 120. 104.
  96.  96.  96.  88.  72.  52.  36.  44.  44.   4.   8.  36.  40.  36.
  44.  60.  68.  72.  80.]","[  88.   96.   92.   88.   84.  104.   80.   84.  136.  208.  288.  332.
  336.  232.  140.   32.  -36. -148. -244. -300. -280. -288. -276. -272.
 -308. -296. -348. -364. -384. -360. -348. -332. -308. -284. -180.  -92.
   12.  136.  200.  228.  316.  360.  344.  260.  288.  272.  216.  264.
  236.  216.  308.  300.  292.  344.  296.  180.  152.  120.   52.  -52.
  -28.   48.   60.   28.    4.   76.   92.  100.  132.  160.  160.  160.
  152.  152.  188.]","[1028. 1032. 1020. 1020. 1040. 1032. 1000.  984. 1024. 1072. 1060. 1040.
 1096. 1148. 1192. 1188. 1160. 1144. 1112. 1128. 1064. 1044. 1168. 1124.
 1272. 1208. 1120.  996. 1080. 1008.  928.  872.  792.  764.  712.  668.
  672.  664.  604.  656.  716.  716.  800.  904.  924.  972. 1032.  992.
 1024. 1132. 1052. 1128. 1188. 1164. 1196. 1264. 1224. 1144. 1104. 1068.
 1092. 1072. 1040. 1048. 1028. 1064. 1040. 1008. 1000. 1024. 1044. 1056.
 1068. 1080. 1048.]"
1,"[ 72.  72.  56.  40.  36.  48.  52.  64.  44. -12. -20.  16.  76. 100.
  52.  88.  88.  64.  80.  88. 116. 164. 160. 168. 172. 152. 132. 132.
 136. 160. 176. 168. 200. 236. 252. 292. 364. 388. 356. 336. 332. 324.
 352. 332. 332. 332. 272. 224. 208. 168. 160. 136. 120. 116.  84.  44.
  36.  28.   8.  -8.   4.   0.  16.  36.  44.  60.  64.  56.  52.  44.
  52.  72.  80.  72.  64.]","[ 128.  160.  208.  212.  156.  120.  100.   84.  192.  416.  480.  268.
   36.  -36. -212. -328. -320. -260. -292. -292. -320. -356. -388. -480.
 -536. -584. -544. -480. -456. -400. -332. -288. -200. -104.   24.  116.
  200.  228.  176.  260.  324.  304.  300.  236.  228.  332.  256.  256.
  312.  216.  124.  104.  104.   12.  -52.  -60.  -40.  -24.    8.   36.
   60.   44.    4.   48.   68.   72.   84.   84.   88.   80.  108.  124.
  100.   92.  100.]","[1028. 1016. 1020. 1040. 1056. 1036. 1032. 1024. 1040. 1024. 1020. 1080.
 1096. 1080. 1188. 1184. 1088. 1128. 1064. 1108. 1088. 1020. 1092. 1128.
 1140. 1148. 1060.  984.  936.  820.  760.  724.  636.  560.  568.  544.
  568.  584.  740.  824.  884.  940.  968. 1048. 1056. 1016. 1132. 1120.
 1092. 1116. 1172. 1080. 1096. 1108. 1184. 1220. 1200. 1152. 1176. 1120.
 1092. 1068. 1048. 1024. 1028. 1016. 1016. 1044. 1024. 1036. 1024. 1004.
 1032. 1044. 1060.]"
1,"[ 64.  68.  68.  68.  68.  64.  64.  64.  64.  60.  56.  56.  40.  36.
  36.  44.  40.  12.   8.  40.  68. 120. 108.  24.  48.  96.  36.  44.
 108. 156. 108. 112. 120. 104. 128. 144. 144. 152. 160. 168. 204. 200.
 216. 208. 208. 232. 192. 224. 192. 168. 188. 156.  88. 108.  84.  72.
  32. -24. -28.  -4. -36. -40. -40. -52. -44. -48. -40. -32.  -4.   4.
  12.   4.  12.  20.  12.]","[  88.   88.   96.   88.   76.   80.   92.   80.   72.   80.   80.  104.
  104.  116.  148.  196.  316.  400.  416.  248.   36.  -80. -224. -212.
 -204. -216. -180. -276. -380. -464. -460. -488. -516. -480. -432. -364.
 -300. -176.  -32.   72.  180.  308.  380.  492.  544.  580.  492.  584.
  656.  596.  564.  500.  360.  380.  276.  112.   28.   32.   48.   56.
   20.  -20.  -36.    0.   52.   76.   96.  116.  124.  132.  152.  156.
  160.  160.  128.]","[1036. 1040. 1040. 1028. 1036. 1028. 1020. 1024. 1016. 1028. 1024. 1040.
 1060. 1060. 1052. 1036. 1032. 1040. 1016. 1064. 1180. 1164. 1120. 1112.
 1168. 1140. 1232. 1224. 1152. 1076. 1192. 1164. 1088.  988.  848.  760.
  696.  652.  600.  556.  524.  536.  584.  656.  700.  752.  844.  852.
  904. 1004. 1032. 1100. 1228. 1148. 1204. 1236. 1300. 1308. 1244. 1128.
 1112. 1108. 1104. 1076. 1044. 1024. 1004. 1008. 1008. 1008. 1008. 1032.
 1056. 1044. 1060.]"
1,"[   4.    4.    0.    0.    0.    4.    0.   -4.    4.   -8.   -4.  -12.
  -64. -108.  -88.  -36.  -44.  -12.   32.   24.  -24.  -60.  -64.   -8.
    0.  -20.  -48.  -88. -104.  -64.    4.   92.   92.   64.   80.  104.
   92.  112.  164.  164.  180.  156.  244.  176.  132.  132.  100.   64.
   44.   16.   24.    8.  -36.  -52.  -76.  -88.  -88.  -80.  -68.  -64.
  -24.   -8.  -12.  -16.    4.    4.   -4.    0.   -4.  -16.   -8.   -8.
    0.    0.   -8.]","[ 124.  124.  124.  128.  108.   92.  112.  144.  160.  176.  220.  348.
  572.  472.  296.  120.  -68. -280. -400. -392. -400. -420. -388. -368.
 -432. -468. -476. -492. -456. -468. -440. -384. -368. -240. -120.  -16.
  148.  316.  324.  432.  584.  620.  608.  700.  632.  636.  572.  540.
  520.  364.  176.  144.   72.    8.    0.   32.   52.   56.   80.   52.
   24.   32.   88.  144.  188.  172.  188.  176.  172.  168.  148.  160.
  152.  128.  132.]","[1052. 1056. 1036. 1036. 1032. 1032. 1028. 1016. 1048. 1060. 1040.  984.
  956. 1096. 1144. 1064. 1168. 1160. 1044. 1036. 1108. 1132. 1112. 1036.
 1116. 1084. 1080. 1140. 1128. 1092.  992.  844.  764.  672.  552.  512.
  424.  404.  480.  612.  736.  832.  972.  912. 1004.  976. 1028. 1132.
 1168. 1224. 1312. 1276. 1292. 1232. 1208. 1160. 1100. 1084. 1024.  996.
  920.  908.  952. 1000.  992. 1008. 1044. 1024. 1052. 1072. 1052. 1040.
 1020. 1036. 1048.]"
1,"[  -8.   -8.   -8.   -8.   -8.  -12.  -16.  -12.   -8.  -32.  -36.  -40.
  -24.  -12.  -60. -132. -124. -148. -112.  -88.  -64.  -12.   56.   -4.
  -20.   12.   52.   72.  120.  136.  136.  156.  192.  208.  220.  220.
  232.  228.  204.  224.  192.  196.  144.   84.   44.   24.   16.  -32.
  -40.  -40.  -32.  -40.  -32.  -44.  -24.  -12.   -8.   -4.    4.    8.
   20.   28.   40.   48.   64.   64.   72.   80.   84.   96.   96.  100.
  100.   84.  104.]","[ 160.  148.  148.  140.  124.  120.  156.  212.  328.  400.  396.  412.
  276.  136.   48.   64.  -32. -152. -248. -220. -200. -292. -348. -336.
 -372. -396. -408. -328. -240. -168.  -76.  -20.  140.  276.  300.  412.
  436.  456.  548.  580.  544.  616.  584.  548.  504.  380.  268.  220.
  136.  160.  124.   68.    0.  -56.  -72.  -60.  -28.    4.   52.   76.
   88.  140.  124.  128.  116.   76.   60.   64.   96.   72.   68.   72.
  108.  104.   88.]","[1028. 1036. 1032. 1024. 1008. 1008. 1000.  988.  980. 1020. 1072. 1000.
 1008. 1072. 1100. 1248. 1220. 1312. 1308. 1244. 1284. 1192. 1068. 1176.
 1136.  984.  952.  836.  740.  696.  592.  540.  452.  488.  612.  616.
  772.  888.  816.  856.  884.  924. 1020. 1056. 1092. 1172. 1172. 1192.
 1268. 1220. 1272. 1204. 1124. 1128. 1096. 1040. 1036. 1008. 1004. 1036.
 1036. 1048. 1056. 1036. 1020. 1012. 1008. 1024. 1008. 1032. 1048. 1056.
 1040. 1100. 1056.]"
1,"[216. 220. 220. 220. 216. 216. 216. 216. 220. 220. 192. 156. 188. 184.
 164. 168.  88. 136. 172. 152. 248. 340. 284. 228. 228. 248. 212. 212.
 228. 252. 256. 228. 212. 236. 244. 280. 280. 300. 316. 340. 296. 292.
 264. 196. 204. 208. 132. 104.  88.  84. 124. 140. 140. 128. 104.  96.
  88.  96.  96.  92. 100. 112. 124. 132. 136. 140. 152. 156. 148. 144.
 136. 140. 136. 140. 144.]","[  72.   68.   48.   48.   52.   44.   36.   36.   48.  100.  308.  512.
  392.  204.  104.  -52.    8. -144. -296. -364. -372. -520. -628. -560.
 -520. -540. -492. -412. -388. -332. -276. -140.   40.  180.  220.  300.
  364.  504.  488.  376.  444.  432.  420.  432.  340.  280.  284.  276.
  200.  164.  104.  -20. -120.  -76.  -56.  -60.  -36.    8.   52.   72.
   88.   76.   44.   48.   60.   84.   76.   32.   40.   60.   76.   60.
   52.   64.   64.]","[1012. 1024. 1020. 1016. 1012. 1004. 1000.  992. 1004. 1004. 1000. 1052.
 1036. 1100. 1160. 1160. 1172. 1188. 1116. 1180. 1084. 1112. 1092. 1072.
  996.  912. 1008.  896.  776.  680.  588.  560.  560.  464.  496.  576.
  600.  676.  772.  932.  968. 1084. 1104. 1092. 1124. 1188. 1260. 1284.
 1248. 1200. 1176. 1164. 1212. 1132. 1080. 1108. 1100. 1056. 1024. 1008.
  980.  984.  968. 1004. 1032. 1040. 1032. 1044. 1036. 1044. 1048. 1036.
 1060. 1040. 1024.]"
1,"[128. 128. 120. 116. 120. 124. 120. 116. 120. 112. 116. 124. 124. 116.
 104.  96. 104. 112.  72.  76.  44.  40.  40.  92.  68.  40.  84. 124.
 116.  64. 100. 132. 164. 164. 180. 224. 264. 260. 244. 228. 236. 248.
 260. 264. 280. 260. 284. 264. 276. 256. 232. 184. 140. 116.  96. 108.
 156. 136. 112.  80.  68.  76.  12.  12.   0.  16.  32.  32.  28.  56.
  80.  84.  88.  96. 104.]","[  56.   48.   68.   68.   60.   44.   40.   40.   28.   44.   56.   52.
   44.   40.   48.   76.  156.  336.  448.  384.  216.   28.  -96. -204.
 -284. -256. -204. -240. -288. -280. -324. -340. -364. -336. -332. -304.
 -268. -216. -136.  -28.  140.  244.  320.  316.  388.  448.  428.  468.
  468.  456.  432.  500.  536.  464.  376.  268.  176.  120.   24.  -28.
  -76. -164. -132.  -68.   -4.   80.  108.   88.  100.   92.   60.   52.
   72.   96.  100.]","[1024. 1016. 1028. 1028. 1024. 1036. 1028. 1028. 1012. 1024. 1044. 1040.
 1032. 1020. 1004.  980.  988. 1024. 1036. 1036. 1160. 1140. 1184. 1232.
 1228. 1276. 1232. 1168. 1276. 1340. 1208. 1128. 1072. 1084. 1008.  880.
  788.  676.  560.  556.  472.  436.  552.  596.  596.  712.  796.  848.
  920. 1020. 1144. 1132. 1124. 1076. 1080. 1148. 1196. 1208. 1244. 1232.
 1180. 1220. 1220. 1184. 1188. 1112. 1052. 1036. 1012. 1012.  984. 1004.
 1024. 1012. 1012.]"
1,"[ 96.  80.  72.  84. 104.  48.  52.  76.  20. -20. -12. -28. -36.   0.
  36.  52.  96. 112. 104. 108. 124. 104. 136. 188. 220. 256. 276. 236.
 204. 220. 224. 248. 264. 284. 288. 316. 288. 320. 292. 284. 264. 232.
 232. 228. 204. 192. 192. 176. 148. 132. 132.  64.   8.   4.  36.  24.
   4.   4.  20.  36.  48.  44.  40.  40.  56.  60.  72.  72.  76.  76.
  76.  88.  64.  56.  60.]","[ 112.  152.  240.  260.  256.  340.  260.   60.   -8.  -12.  -80. -204.
 -224. -152. -184. -204. -196. -296. -404. -404. -404. -384. -400. -388.
 -336. -236. -172.  -84.   40.  156.  208.  240.  276.  368.  392.  400.
  316.  332.  416.  436.  436.  372.  424.  468.  364.  240.  184.  200.
  180.  180.  136.  108.  156.  204.  224.  240.  172.   96.   52.   96.
  152.  136.  124.  140.  148.  156.  188.  172.  140.  144.  152.  124.
  132.  136.  112.]","[ 992.  980. 1000. 1024. 1036. 1040. 1072. 1076. 1176. 1176. 1164. 1232.
 1236. 1184. 1176. 1172. 1160. 1116. 1176. 1188. 1092. 1120. 1056.  936.
  852.  704.  588.  644.  572.  488.  604.  652.  688.  752.  724.  724.
  888. 1020.  928. 1000. 1032. 1176. 1124. 1148. 1096. 1120. 1100. 1044.
 1116. 1120. 1016. 1100. 1188. 1124. 1064. 1016. 1032. 1040.  996. 1032.
 1004. 1024. 1044. 1036. 1012. 1016.  996. 1024. 1048. 1072. 1064.  996.
 1028. 1016. 1008.]"
1,"[ 56.  76.  64.  68.  60.  44.  44.  52.  32.  20.  12.   8.  32.  24.
 -16. -40. -16. -24. -80. -76. -64. -28.  20.  52.  92. 120.  80.  64.
 100. 160. 184. 168. 140. 156. 172. 152. 156. 164. 188. 216. 236. 232.
 240. 276. 272. 288. 276. 272. 244. 228. 240. 212. 160. 184. 176. 148.
 148. 136. 140. 100.  52.  60.  40.  40.  40.  56.  80.  84. 100. 120.
 124. 136. 148. 120. 108.]","[ 116.   88.   56.   40.   84.   96.   68.   72.  128.  236.  400.  432.
  356.  284.   92.   64.    4. -144. -216. -184. -176. -144. -144. -200.
 -288. -404. -464. -436. -488. -548. -520. -480. -392. -320. -284. -164.
  -12.  124.  196.  268.  280.  296.  316.  304.  312.  428.  468.  364.
  352.  320.  240.  264.  264.  156.  112.   88.   80.   52.   12.    8.
  -24.  -56.    8.   68.  100.   80.   96.  156.  204.  216.  192.  164.
  176.  216.  232.]","[1008. 1012. 1024. 1016. 1020. 1056. 1036. 1012.  992.  968.  948. 1028.
 1068. 1028. 1176. 1120. 1136. 1160. 1176. 1212. 1176. 1140. 1148. 1120.
 1152. 1144. 1172. 1148. 1112. 1000.  928.  868.  816.  748.  692.  632.
  588.  584.  568.  676.  692.  712.  740.  868.  916.  936. 1056. 1128.
 1116. 1160. 1172. 1048. 1148. 1124. 1104. 1104. 1100. 1096. 1048. 1084.
 1132. 1132. 1132. 1116. 1104. 1108. 1092. 1032. 1012. 1000. 1000. 1016.
  988. 1032. 1056.]"
